01S,0
02S,1
03S,2
04S,3
1,4
2,5
3,6
6625,7
BP02,8
CSL1,9
DE48,10
DF22,11
DF24,12
DF40,13
DF45,14
DF48,15
DF51,16
DX1,17
DX2,18
E01,19
EL00,20
ER8,21
ER9,22
FB14,23
FB40,24
FB50,25
FB51,26
FB55,27
FF20,28
FF63,29
FG13,30
H040,31
HA06,32
HA08,33
HA14,34
HA26,35
HA34,36
IS99,37
LD09,38
LD11,39
LX4,40
NSLW,41
NT01,42
PA05,43
PC30,44
RB13,45
RTW,46
RX1,47
RZ41,48
SF67,49
SL01,50
SL02,51
SO90,52
UA41,53
W03,54
WR4,55
WS01,56
X2,57
X3,58
YB08,59
YB13,60
YF11,61
